0.000000000000000000e+00,0.000000000000000000e+00,0.000000000000000000e+00,0.000000000000000000e+00,0.000000000000000000e+00,0.000000000000000000e+00
-8.214326188586762472e-08,1.286186314624773426e-03,-1.436839467218031276e-03,1.506256041731594071e-04,-8.214326188586775707e-08,2.754842009781779116e-08
-1.314285852483071346e-06,5.144719592671029296e-03,-5.747275276027401063e-03,6.021149146751825481e-04,-1.314285852483046783e-06,4.407686811876089853e-07
-6.653425143772173815e-06,1.157536887434395916e-02,-1.293056418952967697e-02,1.352964062911988022e-03,-6.653425143768662017e-06,2.231252273680893905e-06
-2.102685387964816941e-05,2.057723644905876115e-02,-2.298381725264088404e-02,2.399530130690782827e-03,-2.102685387954008462e-05,7.050672889830309461e-06
-5.132863578926480310e-05,3.214799147915800570e-02,-3.589953289224225019e-02,3.734333955776669017e-03,-5.132863578767151379e-05,1.720745728524327798e-05
-1.064107781213754854e-04,4.628280723740769292e-02,-5.166217401543033577e-02,5.343708339589007053e-03,-1.064107781070850367e-04,3.565843823323620182e-05
-1.970653810286968869e-04,6.297302258969515731e-02,-7.024385159022331071e-02,7.204837063050135819e-03,-1.970653809377073066e-04,6.599193620174239000e-05
-3.359933904832127470e-04,8.220456832941547276e-02,-9.159923787884009794e-02,9.282271527924740306e-03,-3.359933900320944918e-04,1.123980151702029339e-04
-5.377554924598193465e-04,1.039562272589140274e-01,-1.156599188891201391e-01,1.152407021416165800e-02,-5.377554906122979702e-04,1.796213901099178735e-04
-8.187015008207485000e-04,1.281978316528737116e-01,-1.423285028138352171e-01,1.385777817716932203e-02,-8.187014943156881207e-04,2.728928924195879913e-04
-1.196876646663135512e-03,1.548885377487794479e-01,-1.714729148029230932e-01,1.618653997701738692e-02,-1.196876626406214155e-03,3.978367923459936030e-04
-1.691906666382493422e-03,1.839753452543692047e-01,-2.029214030184434137e-01,1.838570316058019127e-02,-1.691906609420939026e-03,5.603538018061522685e-04
-2.324868374242905229e-03,2.153920388109869244e-01,-2.364588228543293424e-01,2.030029880525121427e-02,-2.324868227317043994e-03,7.664831672614727791e-04
-3.118157870433765303e-03,2.490587063945136070e-01,-2.718247217212918510e-01,2.174375887701984408e-02,-3.118157518541282269e-03,1.022251481135747842e-03
-4.095373548791208032e-03,2.848819303255703539e-01,-3.087135956785482804e-01,2.249813429293258046e-02,-4.095372758642347628e-03,1.333519878688844583e-03
-5.281234217552493483e-03,3.227556535165276852e-01,-3.467774389381216293e-01,2.231591753742845699e-02,-5.281232541108269590e-03,1.705844097307390424e-03
-6.701552702465761284e-03,3.625626127859692960e-01,-3.856303999862005227e-01,2.092337654964352214e-02,-6.701549319840288156e-03,2.144362501205243892e-03
-8.383281765245905945e-03,4.041761279563036990e-01,-4.248550629658773281e-01,1.802511661526755640e-02,-8.383275239014177302e-03,2.653725146568433613e-03
-1.035464262203679951e-02,4.474619667675551749e-01,-4.640096641230988528e-01,1.330945121065240690e-02,-1.035463052623948610e-02,3.238072555537358996e-03
-1.264533836832369695e-02,4.922799894728363546e-01,-5.026354817056486457e-01,6.454113268154307824e-03,-1.264531674485760808e-02,3.901067058801982630e-03
-1.528684728966219451e-02,5.384853160466516186e-01,-5.402637128568137381e-01,-2.868119750423230203e-03,-1.528680987170271885e-02,4.645973676636875292e-03
-1.831278627254585498e-02,5.859288406762249712e-01,-5.764213392774478750e-01,-1.498420237095978574e-02,-1.831272339826445911e-02,5.475782706332820576e-03
-2.175933358220199024e-02,6.344570211339204402e-01,-6.106357255779893967e-01,-3.021617242505881054e-02,-2.175923070102352488e-02,6.393363104461274697e-03
-2.566570365433188186e-02,6.839109730497346940e-01,-6.424379294319065847e-01,-4.887711639276276498e-02,-2.566553930051814966e-02,7.401634381978087866e-03
-3.007467429421142868e-02,7.341249857941729573e-01,-6.713648872498387821e-01,-7.126769011486665251e-02,-3.007441736613195374e-02,8.503744558376923404e-03
-3.503317879016722147e-02,7.849246412981579768e-01,-6.969607543097995350e-01,-9.767308620722198187e-02,-3.503278492460495941e-02,9.703242021100648082e-03
-4.059299227313638292e-02,8.361247607950865746e-01,-7.187777272654924943e-01,-1.283603346688041713e-01,-4.059239903703952546e-02,1.100422922756193536e-02
-4.681156408535596530e-02,8.875274325036817125e-01,-7.363766767993783491e-01,-1.635758513227616173e-01,-4.681068461452952273e-02,1.241148559181862523e-02
-5.375307744094210555e-02,9.389203921317148538e-01,-7.493278919060913923e-01,-2.035431931383708537e-01,-5.375179202389435834e-02,1.393054537803236140e-02
-6.148985626342655386e-02,9.900760435393261005e-01,-7.572122088790266270e-01,-2.484610219887670723e-01,-6.148800117972167550e-02,1.556771392069953089e-02
-7.010428916884733908e-02,1.040751423808057519e+00,-7.596227912243745939e-01,-2.985013003481606364e-01,-7.010164181486130963e-02,1.733000200385963196e-02
-7.969150479924615171e-02,1.090689440346465755e+00,-7.561678664983091380e-01,-3.538077239742264402e-01,-7.968776372331647095e-02,1.922495362653630149e-02
-9.036311369716880371e-02,1.139621744686599492e+00,-7.464748422363354230e-01,-4.144943151380132695e-01,-9.035787154789184927e-02,2.126033616037910010e-02
-1.022524308429813567e-01,1.187273669669419274e+00,-7.301964537385770004e-01,-4.806439284641367271e-01,-1.022451372967875527e-01,2.344365291164206624e-02
-1.155217050605136936e-01,1.233371760084920776e+00,-7.070199884543767466e-01,-5.523061284315415875e-01,-1.155116153695849857e-01,2.578142424125260887e-02
-1.303719818868941116e-01,1.277654588321124107e+00,-6.766812313617853736e-01,-6.294934523374083879e-01,-1.303580845374607278e-01,2.827816159105361535e-02
-1.470562306431204003e-01,1.319887764582583500e+00,-6.389855889731781424e-01,-7.121744666052278738e-01,-1.470371444421209872e-01,3.093492573320730243e-02
-1.658960246677396722e-01,1.359884250153439611e+00,-5.938397235027021992e-01,-8.002613365863255890e-01,-1.658698511631638561e-01,3.374731622316887170e-02
-1.873006970775994151e-01,1.397530971702650726e+00,-5.412973473113265044e-01,-8.935891956030613814e-01,-1.872648089481336875e-01,3.670269721474930108e-02
-2.117837939341831455e-01,1.432821499553181832e+00,-4.816208354102152200e-01,-9.918853870998561861e-01,-2.117345365452903694e-01,3.977648306801852968e-02
-2.399609959774229306e-01,1.465890321413184649e+00,-4.153519530463518072e-01,-1.094730917331318665e+00,-2.398932874057393971e-01,4.292756074549412132e-02
-2.724900519635475304e-01,1.497033809291396622e+00,-3.433632708960508984e-01,-1.201528101325451070e+00,-2.723969135768660177e-01,4.609384911278346236e-02
-3.098749390133207493e-01,1.526684695414391113e+00,-2.668227968550759277e-01,-1.311509805634924586e+00,-3.097471298331198608e-01,4.919134581481723195e-02
-3.520440237245024973e-01,1.555295202591832071e+00,-1.869769889172259725e-01,-1.423841977032386463e+00,-3.518702314626818151e-01,5.212384827488110439e-02
-3.977758373776696388e-01,1.583135580310535806e+00,-1.047569280257521773e-01,-1.537822021580537157e+00,-3.975440975163966328e-01,5.481076080783332805e-02
-4.444945682385517127e-01,1.610176907079861275e+00,-2.053745050032561303e-02,-1.653008133375871047e+00,-4.441950179603277871e-01,5.722390111668897161e-02
-4.890753015397240611e-01,1.636291024603861111e+00,6.548427757808614191e-02,-1.769039131744720938e+00,-4.887027867960673233e-01,5.939714771035872753e-02
-5.292186076514849846e-01,1.661642209686665650e+00,1.525306216657328073e-01,-1.885261101059001021e+00,-5.287731563543603963e-01,6.138969198537843480e-02
-5.640987181833763131e-01,1.686831957829025397e+00,2.389754773991634995e-01,-2.000602922149150587e+00,-5.635839082983808979e-01,6.324224603412585688e-02
-5.939948720657567405e-01,1.712694525390551004e+00,3.227709247087158784e-01,-2.113805730315482911e+00,-5.934157768501917563e-01,6.496590525676212979e-02
-6.196453421853990173e-01,1.740016483788152435e+00,4.020168167362041522e-01,-2.223720242793449042e+00,-6.190071792679974205e-01,6.655503409578124308e-02
-6.418322512927469026e-01,1.769376860527752671e+00,4.752741163833718030e-01,-2.329463845034672076e+00,-6.411398012461891893e-01,6.800137293113342474e-02
-6.612205133413704417e-01,1.801113548316497059e+00,5.416145749677971910e-01,-2.430435997183977737e+00,-6.604779904217662478e-01,6.930099531590908080e-02
-6.783300229271539417e-01,1.835355478878440083e+00,6.005376190181517249e-01,-2.526264635948116233e+00,-6.775411359675810319e-01,7.045576434725718540e-02
-6.935550226063997847e-01,1.872073522601104489e+00,6.518557668129203453e-01,-2.616739567736524830e+00,-6.927230892243000371e-01,7.147237774157447210e-02
-7.071927182029158487e-01,1.911128120957248155e+00,6.955946792335447881e-01,-2.701757697726953289e+00,-7.063207758980755147e-01,7.236082294363195555e-02
-7.194687117644636976e-01,1.952307135218523282e+00,7.319196261377782786e-01,-2.781285502707620427e+00,-7.185596075142877126e-01,7.313296113371843543e-02
-7.305567218552644349e-01,1.995353971848567554e+00,7.610858193744890476e-01,-2.855336172759270763e+00,-7.296131771851168679e-01,7.380142214941182166e-02
-7.405931148162442357e-01,2.039987937063342471e+00,7.834063597224317776e-01,-2.923956990322679417e+00,-7.396177688101892578e-01,7.437880027373049152e-02
-7.496873903304693831e-01,2.085918821787687616e+00,7.992319825500440178e-01,-2.987223022358231006e+00,-7.486828246563848044e-01,7.487709508483078591e-02
-7.579296699049971053e-01,2.132857262094387085e+00,8.089382896474553997e-01,-3.045234280169878627e+00,-7.568984201010864332e-01,7.530734329981167430e-02
-7.653960032828196480e-01,2.180521956714130294e+00,8.129175870766038869e-01,-3.098114496240158999e+00,-7.643405602019986977e-01,7.567939880839380518e-02
-7.721520967775463706e-01,2.228644483278644284e+00,8.115735207065420953e-01,-3.146010416018528932e+00,-7.710749015389302130e-01,7.600182770490980511e-02
-7.782559075277297733e-01,2.276972238234443058e+00,8.053174204437517636e-01,-3.189091014865310658e+00,-7.771593427065789372e-01,7.628189153828873748e-02
-7.837594314339711987e-01,2.325269897454710577e+00,7.945657147253843977e-01,-3.227546378369074098e+00,-7.826458105970671708e-01,7.652559624929042292e-02
-7.887099275633627782e-01,2.373319721311985653e+00,7.797380421136799189e-01,-3.261586179487607762e+00,-7.875814846699638050e-01,7.673778753726512303e-02
-7.931507581902135229e-01,2.420920984424895117e+00,7.612558312648813885e-01,-3.291437789217739329e+00,-7.920096378618377564e-01,7.692227640051954585e-02
-7.971219749424784951e-01,2.467888780876257737e+00,7.395411895484507170e-01,-3.317344099198948459e+00,-7.959702241780496346e-01,7.708198156265017031e-02
-8.006607438048772840e-01,2.514052431764556061e+00,7.150159651822765028e-01,-3.339561137330921081e+00,-7.995003053892285605e-01,7.721907838158739712e-02
-8.038016725356550429e-01,2.559253699142814753e+00,6.881008493086926414e-01,-3.358355538106372773e+00,-8.026343801564485014e-01,7.733514647428291200e-02
-8.065770816950971200e-01,2.603344986574201325e+00,6.592143783358512810e-01,-3.374001901029208828e+00,-8.054046566357888626e-01,7.743131051796053876e-02
-8.090172436603163542e-01,2.646187680383297547e+00,6.287716948122842320e-01,-3.386780043501342874e+00,-8.078412928605749332e-01,7.750837041416176743e-02
-8.111506016517928686e-01,2.687650756061512602e+00,5.971829362346693371e-01,-3.396972136901527772e+00,-8.099726169059162650e-01,7.756691821522566921e-02
-8.130039720681293547e-01,2.727609740165514829e+00,5.648511520721380963e-01,-3.404859711855432014e+00,-8.118253301508837616e-01,7.760743998507391161e-02
-8.146027276677566542e-01,2.765946078950456855e+00,5.321697029471015306e-01,-3.410720533612614958e+00,-8.134246912211988700e-01,7.763040122878550608e-02
-8.159709558873368129e-01,2.802546921671914770e+00,4.995191703929549587e-01,-3.414825380033960744e+00,-8.147946749586096882e-01,7.763631484320923648e-02
-8.171315855093215230e-01,2.837305281599977747e+00,4.672638928728739538e-01,-3.417434797755293463e+00,-8.159580996868340819e-01,7.762579087775926812e-02
-8.181064756779221625e-01,2.870120495944168404e+00,4.357483298407879846e-01,-3.418795957458823587e+00,-8.169367168224562770e-01,7.759956787654821719e-02
-8.189164635336998455e-01,2.900898873062038863e+00,4.052935229517328763e-01,-3.419139765251828056e+00,-8.177512591350601934e-01,7.755852625487767715e-02
-8.195813699753384807e-01,2.929554397360953910e+00,3.761939551623991185e-01,-3.418678402716453846e+00,-8.184214471805256741e-01,7.750368501017058931e-02
-8.201199666187687365e-01,2.956009363023602177e+00,3.487150934444060435e-01,-3.417603455851746297e+00,-8.189659569741539746e-01,7.743618396277457405e-02
-8.205499102291287095e-01,2.980194827329027074e+00,3.230918383629981516e-01,-3.416084751977401357e+00,-8.194023551598923483e-01,7.735725450152650118e-02
-8.208876531777720142e-01,3.002050809065055947e+00,2.995280043388136582e-01,-3.414269960049081565e+00,-8.197470101985581126e-01,7.726818231433479900e-02
-8.211483394927294732e-01,3.021526200339327506e+00,2.781968370425900172e-01,-3.412284935601290314e+00,-8.200149891107308964e-01,7.717026571491276965e-02
-8.213456957995460828e-01,3.038578402830500291e+00,2.592424610342295987e-01,-3.410234720477665959e+00,-8.202199490412838134e-01,7.706477292091154507e-02
-8.214919251378480780e-01,3.053172735086712386e+00,2.427820601575887693e-01,-3.408205051408128572e+00,-8.203740316082516193e-01,7.695290107027659421e-02
-8.215976097034320969e-01,3.065281681474243403e+00,2.289085364370104791e-01,-3.406264197310000075e+00,-8.204877660726797028e-01,7.683573901309076470e-02
-8.216716264569853267e-01,3.074884064609910705e+00,2.176933725214568460e-01,-3.404464934250117203e+00,-8.205699852668925098e-01,7.671423513223242507e-02
-8.217210776330373667e-01,3.081964223052241270e+00,2.091894330788936218e-01,-3.402846476016295529e+00,-8.206277563188766333e-01,7.658917075268724395e-02
-8.217512367143220420e-01,3.086511267696203209e+00,2.034334729424181754e-01,-3.401436201364401946e+00,-8.206663267471617784e-01,7.646113917732783039e-02
-8.217655095017846190e-01,3.088518477073743274e+00,2.004481645839038262e-01,-3.400251049982939033e+00,-8.206890855678928842e-01,7.633053006913094463e-02
-8.217654094884103699e-01,3.087982876418894129e+00,2.002435067720151340e-01,-3.399298492974525576e+00,-8.206975386334139921e-01,7.619751877854839817e-02
-8.217505467415305853e-01,3.084905029731229931e+00,2.028175251693581094e-01,-3.398577017053145077e+00,-8.206912974158842022e-01,7.606206025542422422e-02
-8.217186297819228935e-01,3.079289058949429947e+00,2.081562222839750398e-01,-3.398076093532441000e+00,-8.206680807295705371e-01,7.592388733816611557e-02
-8.216654803742642343e-01,3.071142889707925594e+00,2.162327790935127947e-01,-3.397775633888444613e+00,-8.206237293076285022e-01,7.578251342343975128e-02
-8.215850615653383926e-01,3.060478708547377469e+00,2.270060555163957994e-01,-3.397644964375602150e+00,-8.205522335670774048e-01,7.563723973024991110e-02
-8.214695195776665626e-01,3.047313601445134079e+00,2.404184833947265454e-01,-3.397641383992819009e+00,-8.204457751638112306e-01,7.548716752559002374e-02
-8.213092401449344493e-01,3.031670328124424163e+00,2.563934941820516511e-01,-3.397708403335026883e+00,-8.202947829164405347e-01,7.533121571917342219e-02
-8.210929194349063653e-01,3.013578171596183797e+00,2.748326721453883126e-01,-3.397773795286939791e+00,-8.200880032373086825e-01,7.516814411228091297e-02
-8.208076487575989288e-01,2.993073789610799285e+00,2.956128676342753003e-01,-3.397747618917015267e+00,-8.198125842636514449e-01,7.499658226504778147e-02
-8.204390107883997585e-01,2.970201986933661775e+00,3.185835359779170539e-01,-3.397520400217826975e+00,-8.194541714187275616e-01,7.481506341902201263e-02
-8.199711831491454106e-01,2.945016327895390695e+00,3.435645763042293743e-01,-3.396961661321019843e+00,-8.189970102529763318e-01,7.462206220924906541e-02
-8.193870431266701004e-01,2.917579520402592497e+00,3.703449222718872558e-01,-3.395918977782540704e+00,-8.184240503595719973e-01,7.441603410268185503e-02
-8.186682654397023917e-01,2.887963526857172170e+00,3.986820787000381339e-01,-3.394217708388254984e+00,-8.177170422972304120e-01,7.419545373208868977e-02
-8.177954037305185109e-01,2.856249392888206895e+00,4.283027069274237264e-01,-3.391661485183028901e+00,-8.168566182231511430e-01,7.395884870482925810e-02
-8.167479462527171830e-01,2.822526826967728386e+00,4.589042487205576837e-01,-3.388033480146664278e+00,-8.158223467340642854e-01,7.370482518848317510e-02
-8.155043372705670368e-01,2.786893605773897775e+00,4.901574623507251594e-01,-3.383098390872373518e+00,-8.145927534521549829e-01,7.343208168999097729e-02
-8.140419579207518463e-01,2.749454913512093590e+00,5.217096467570125906e-01,-3.376605024357989038e+00,-8.131453011175162615e-01,7.313940794671563994e-02
-8.123370633526109108e-01,2.710322741458924156e+00,5.531882691107345984e-01,-3.368289317174713915e+00,-8.114563259998329725e-01,7.282566664432721382e-02
-8.103646762594267638e-01,2.669615473066952127e+00,5.842046976497555777e-01,-3.357877617897364164e+00,-8.095009307230844886e-01,7.248975661673921767e-02
-8.080984397361230531e-01,2.627457760396282982e+00,6.143577742667633013e-01,-3.345090072679507198e+00,-8.072528364064194273e-01,7.213055710836160928e-02
-8.055104340749426051e-01,2.583980763282492710e+00,6.432370289767815885e-01,-3.329643989800168402e+00,-8.046841986920052481e-01,7.174685347353282339e-02
-8.025709620853417325e-01,2.539322779342792824e+00,6.704254242685870890e-01,-3.311257102819618936e+00,-8.017653922040181014e-01,7.133724531552554371e-02
-7.992483053654455549e-01,2.493630246617088542e+00,6.955016041509157754e-01,-3.289650693330001374e+00,-7.984647658316593732e-01,7.090003857670927612e-02
-7.955084492838316867e-01,2.447059055969268648e+00,7.180416968869455241e-01,-3.264552564398953471e+00,-7.947483665779891959e-01,7.043312359753597929e-02
-7.913147668286273362e-01,2.399776070002475947e+00,7.376207744293475921e-01,-3.235699870009387524e+00,-7.905796221423871950e-01,6.993384181225198448e-02
-7.866276403750681601e-01,2.351960709984613374e+00,7.538141041279388110e-01,-3.202841803811907528e+00,-7.859189613366424076e-01,6.939884468430067288e-02
-7.814039850211074167e-01,2.303806441651610637e+00,7.661983433280908917e-01,-3.165742135927902545e+00,-7.807233360805062583e-01,6.882394980411268848e-02
-7.755966163794604240e-01,2.255521963554156351e+00,7.743528329360660489e-01,-3.124181566151713163e+00,-7.749455880159883403e-01,6.820400081072131027e-02
-7.691533781922748059e-01,2.207331876195375742e+00,7.778611530748107405e-01,-3.077959845208106060e+00,-7.685335753153688110e-01,6.753273991454554481e-02
-7.620159089655886842e-01,2.159476584228907203e+00,7.763131272870276156e-01,-3.026897615006342690e+00,-7.614289391436230847e-01,6.680270418403773391e-02
-7.541178793108508360e-01,2.112211153496774241e+00,7.693075210330529989e-01,-2.970837949765798403e+00,-7.535653417687920852e-01,6.600515928202245475e-02
-7.453824687313738151e-01,2.065802802553686313e+00,7.564558027725067912e-01,-2.909647662733601869e+00,-7.448659453842102485e-01,6.513008692705681002e-02
-7.357187658183350631e-01,2.020526642187495447e+00,7.373875601783684841e-01,-2.843218604497446567e+00,-7.352398159178752390e-01,6.416624512631227684e-02
-7.250166597068211649e-01,1.976659166832998249e+00,7.117585429355540727e-01,-2.771469453002032068e+00,-7.245768199256649167e-01,6.310132361447622074e-02
-7.131396310614364076e-01,1.934468822304402202e+00,6.792629036598811787e-01,-2.694348924027355263e+00,-7.127404229497780186e-01,6.192222170982367851e-02
-6.999146392551892637e-01,1.894202698936999330e+00,6.396520938008740664e-01,-2.611841954168087288e+00,-6.995575858679610182e-01,6.061548264524377339e-02
-6.851180582300686606e-01,1.856068029141097586e+00,5.927640435849433898e-01,-2.523981230427051248e+00,-6.848047110997895759e-01,5.916792627851064079e-02
-6.684564624015629786e-01,1.820206805875246747e+00,5.385674835396470073e-01,-2.430867330813543337e+00,-6.681884383917074954e-01,5.756752346546650106e-02
-6.495414631000419048e-01,1.786661863833576724e+00,4.772266790833170069e-01,-2.332701194326086913e+00,-6.493204867752180309e-01,5.580452550635346676e-02
-6.278601246454803553e-01,1.755334194937555603e+00,4.091891167558742159e-01,-2.229831300215882273e+00,-6.276880629313229543e-01,5.387273800423428294e-02
-6.027503603545038002e-01,1.725936302220941743e+00,3.352878112280817113e-01,-2.122811925586271187e+00,-6.026292173213153580e-01,5.177048595702182787e-02
-5.734118103440455361e-01,1.697958600869500012e+00,2.568230243656068890e-01,-2.012453728680773324e+00,-5.733436143802934648e-01,4.950011266635005736e-02
-5.390263230683945972e-01,1.670687472568825216e+00,1.755409773167102283e-01,-1.899821506181015751e+00,-5.390127898953138708e-01,4.706398416558087161e-02
-4.991111542590669914e-01,1.643332807199321843e+00,9.338594289485055433e-02,-1.786111332372236848e+00,-4.991530006327069557e-01,4.445556260405603144e-02
-4.541560618617427325e-01,1.615287545888455245e+00,1.197625310983077215e-02,-1.672379195406187957e+00,-4.542520335029077705e-01,4.165004632652821032e-02
-4.061802618568087220e-01,1.586379985194210862e+00,-6.791330126940742229e-02,-1.559268049056905081e+00,-4.063264348455929431e-01,3.860990957230530513e-02
-3.583904208056802876e-01,1.556822097345714750e+00,-1.462641603707512394e-01,-1.447042679409269672e+00,-3.585806176610025209e-01,3.531594439288471277e-02
-3.138112599059578178e-01,1.526811801790278089e+00,-2.230387368188232744e-01,-1.335973995409173387e+00,-3.140385946988696331e-01,3.179924094629007353e-02
-2.741363035481189647e-01,1.496214320492069705e+00,-2.975640986029572388e-01,-1.226640659132182565e+00,-2.743947381972115518e-01,2.813790105607021780e-02
-2.396890953271255953e-01,1.464605301862212716e+00,-3.686299912354376596e-01,-1.119869921517578470e+00,-2.399741373260876331e-01,2.442603075206729521e-02
-2.100135209203517483e-01,1.431493635885945581e+00,-4.349328982690393031e-01,-1.016509519745380841e+00,-2.103221667263118488e-01,2.074690896477258267e-02
-1.843998123422992408e-01,1.396489070559829404e+00,-4.954001582682033278e-01,-9.172673168496334739e-01,-1.847301945922209809e-01,1.716247847637965632e-02
-1.621539764372151859e-01,1.359362496914130913e+00,-5.492967253009636286e-01,-8.226644936937612673e-01,-1.625050044795928184e-01,1.371369911784107998e-02
-1.426897563398940028e-01,1.320039719804959599e+00,-5.962020251838199281e-01,-7.330540271366395855e-01,-1.430608419360733241e-01,1.042478173773498697e-02
-1.255396045119300252e-01,1.278570354857132774e+00,-6.359429264292473238e-01,-6.486587048181019499e-01,-1.259304742279854505e-01,7.307758614494515303e-03
-1.103381108125785909e-01,1.235093596778180869e+00,-6.685262376635434656e-01,-5.696063431627825802e-01,-1.107486832800969739e-01,4.366252022650905611e-03
-9.680019260324937425e-02,1.189808797912517813e+00,-6.940850347535260090e-01,-4.959556336650793318e-01,-9.723049947751986888e-02,1.598305418456198463e-03
-8.470158701889578257e-02,1.142952452553235521e+00,-7.128400743884295565e-01,-4.277129473463033849e-01,-8.515172225228317959e-02,-1.001562731329271993e-03
-7.386338324798105703e-02,1.094780964630440057e+00,-7.250733580317926252e-01,-3.648424652649672195e-01,-7.433347053913724745e-02,-3.440887688063180763e-03
-6.414037561528083964e-02,1.045558092376073889e+00,-7.311103918438894844e-01,-3.072720436428655888e-01,-6.463054758702936609e-02,-5.728212375310567234e-03
-5.541251376385217253e-02,9.955460579108371677e-01,-7.313083336979708804e-01,-2.548966606695873827e-01,-5.592289880425412030e-02,-7.872353727631243789e-03
-4.757871113052791062e-02,9.449995239133738290e-01,-7.260480338238927134e-01,-2.075806792381027499e-01,-4.810942531591441695e-02,-9.881903182946131375e-03
-4.055239284199065736e-02,8.941618259264475510e-01,-7.157286452921022279e-01,-1.651596678908567317e-01,-4.110353527672500062e-02,-1.176490620009100485e-02
-3.425830021902299266e-02,8.432629788673356996e-01,-7.007639491656639796e-01,-1.274421779330603688e-01,-3.482995069495990054e-02,-1.352868037363096770e-02
-2.863018734891710493e-02,7.925190589375845640e-01,-6.815798344655450425e-01,-9.421165820718799266e-02,-2.922240558589313947e-02,-1.517974105225046097e-02
-2.360913999997110713e-02,7.421326132207213266e-01,-6.586125397422304406e-01,-6.522857072466553552e-02,-2.422196596051864187e-02,-1.672380959729806785e-02
-1.914232093150392694e-02,6.922937820371058981e-01,-6.323073418332458839e-01,-4.023272211487396305e-02,-1.977577585762652426e-02,-1.816588387763148557e-02
-1.518200235233256243e-02,6.431818428168506463e-01,-6.031174016227328627e-01,-1.894582343466279933e-02,-1.583609027836127212e-02,-1.951035393250270464e-02
-1.168478955826456056e-02,5.949669053424082588e-01,-5.715024738746354860e-01,-1.074313257130623134e-03,-1.235949912816412984e-02,-2.076114818329041767e-02
-8.610972639550589294e-03,5.478115120849830211e-01,-5.379271828871874384e-01,1.368749278652679584e-02,-9.306279109208663580e-03,-2.192189720494020638e-02
-5.923967936550707247e-03,5.018719293048183872e-01,-5.028585803884584315e-01,2.565384596266383904e-02,-6.639835277309035291e-03,-2.299610295771752425e-02
-3.589829346632102038e-03,4.572989597209579649e-01,-4.667627564873479407e-01,3.514353109933046615e-02,-4.326212389317104015e-03,-2.398730173843588095e-02
-1.576822755712600430e-03,4.142381694991449925e-01,-4.301003816877994601e-01,4.247533037518561733e-02,-2.333669327505696629e-03,-2.489920932699156778e-02
1.449346191276723529e-04,3.728295009361131118e-01,-3.933212185843815156e-01,4.796304104853298805e-02,-6.323183931243952192e-04,-2.573583741346483975e-02
1.603764044445094451e-03,3.332063314742125248e-01,-3.568578387093090387e-01,5.191021295417352910e-02,8.061645981924580803e-04,-2.650157194443271066e-02
2.826638239920394990e-03,2.954941268764000317e-01,-3.211189771231372503e-01,5.460488428963897883e-02,2.008753417054808497e-03,-2.720120689062558578e-02
3.839314873188612483e-03,2.598089043821301125e-01,-2.864831067380081975e-01,5.631467970522006927e-02,3.001205087344513411e-03,-2.783993108887805254e-02
4.666393608947011322e-03,2.262557540095728181e-01,-2.532928707378243605e-01,5.728266362866040601e-02,3.808117145351307131e-03,-2.842327073868915199e-02
5.331306071922170542e-03,1.949276535591811244e-01,-2.218509499514165761e-01,5.772429762940350234e-02,4.452917843495205787e-03,-2.895699493279381420e-02
5.856253383672083319e-03,1.659047576846643113e-01,-1.924177703710788501e-01,5.782573779119653395e-02,4.957803947976296630e-03,-2.944699525966023093e-02
6.262108903172172204e-03,1.392542576864269632e-01,-1.652112138795080454e-01,5.774355138771426060e-02,5.343643747578865483e-03,-2.989915227771771170e-02
6.568303916523246348e-03,1.150308172806563806e-01,-1.404082402523667561e-01,5.760576817562097773e-02,5.629863006179796833e-03,-3.031920129305327657e-02
6.792711601931834993e-03,9.327751073484037703e-02,-1.181481155922955995e-01,5.751404538657024085e-02,5.834329174207465371e-03,-3.071260770759062092e-02
6.951540560088641241e-03,7.402713684005335359e-02,-9.853680679158359490e-02,5.754663960299772479e-02,5.973245141516017945e-03,-3.108445896533677463e-02
7.059244656213139492e-03,5.730375923055429366e-02,-8.165205233623744341e-02,5.776184887066842383e-02,6.061059274060101587e-03,-3.143937663423238688e-02
7.128451802980399245e-03,4.312432651550797413e-02,-6.754864341304102349e-02,5.820160601430957731e-02,6.110394363248781643e-03,-3.178144909378324834e-02
7.169911187047739443e-03,3.150024600400491703e-02,-5.626352043709252626e-02,5.889495269951445372e-02,6.131994993150307639e-03,-3.211418304577310506e-02
7.192456485270184996e-03,2.243881316200159806e-02,-4.782038176903102150e-02,5.986118574324050118e-02,6.134690875898912363e-03,-3.244047073597650793e-02
7.202981728991834573e-03,1.594442780468734167e-02,-4.223359203053522054e-02,6.111252844828655995e-02,6.125372818786165192e-03,-3.276256927562962162e-02
7.206426413689412738e-03,1.201955269619483721e-02,-3.951125385158307107e-02,6.265623163246694660e-02,6.108977925414244177e-03,-3.308208858981157019e-02
7.205766948200723401e-03,1.066538872168028111e-02,-3.965736378657830352e-02,6.449604800409203254e-02,6.088481129615974825e-03,-3.339998508790297665e-02
7.202012366610151782e-03,1.188225319304394602e-02,-4.267301113931890044e-02,6.663304996951492642e-02,6.064890988598086070e-03,-3.371655897515140471e-02
7.194203227059423056e-03,1.566965552452603827e-02,-4.855660188694000540e-02,6.906577769528042532e-02,6.037248661543561518e-03,-3.403145408143403577e-02
7.179413695764489366e-03,2.202606953529686815e-02,-5.730310512389769073e-02,7.178971547554791055e-02,6.002630072259640230e-03,-3.434366009627218969e-02
7.152757897715185213e-03,3.094840636291399869e-02,-6.890233363357338436e-02,7.479610493919128245e-02,5.956152335802040836e-03,-3.465151811755585315e-02
7.107402648563575752e-03,4.243119879592125582e-02,-8.333629060726455151e-02,7.807011820082215836e-02,5.890986560051529423e-03,-3.495273139760771142e-02
7.034589577533210437e-03,5.646551893325919141e-02,-1.005756478321823827e-01,8.158843713295792222e-02,5.798380026526090032e-03,-3.524438403472483772e-02
6.923670266090196576e-03,7.303766805509148696e-02,-1.205754718936733610e-01,8.531631983032648969e-02,5.667691367738804560e-03,-3.552297099967963862e-02
6.762158151205581794e-03,9.212770091042173093e-02,-1.432703858796232910e-01,8.920428321944672001e-02,5.486442481031155241e-03,-3.578444314189244829e-02
6.535800312185567791e-03,1.137078748763779706e-01,-1.685694411600552056e-01,9.318458927131054170e-02,5.240390288280591391e-03,-3.602427048581185315e-02
6.228670617107955401e-03,1.377411435950306462e-01,-1.963510659623799171e-01,9.716778414684748566e-02,4.913619808489136029e-03,-3.623752600269461444e-02
5.823282898735445377e-03,1.641798378162155347e-01,-2.264585351626369480e-01,1.010395921399553504e-01,4.488657206234630999e-03,-3.641899000350166948e-02
5.300718957198572411e-03,1.929646841688748837e-01,-2.586964429433480372e-01,1.046584926160484263e-01,3.946597610264088000e-03,-3.656327240211919988e-02
4.640761712686113441e-03,2.240242963907329299e-01,-2.928286302741301972e-01,1.078542912050100139e-01,3.267238027771677752e-03,-3.666494667092373011e-02
3.822019613434566015e-03,2.572752277034966450e-01,-3.285779055774333823e-01,1.104279254014511047e-01,2.429201467885651854e-03,-3.671868596818089053e-02
2.822025545783569522e-03,2.926225994203505709e-01,-3.656277026082029313e-01,1.121526215230864848e-01,1.410035534600695764e-03,-3.671938946015140814e-02
1.617293014686511671e-03,3.299612307463006267e-01,-4.036255736841638520e-01,1.127763633860768833e-01,1.862682741069976108e-04,-3.666228604471670482e-02
1.833147946057928535e-04,3.691771070126635967e-01,-4.421881700572703466e-01,1.120254756665783613e-01,-1.266593507159634487e-03,-3.654300392675136760e-02
-1.505505666157453716e-03,4.101489593704509273e-01,-4.809071724183981433e-01,1.096090035105723032e-01,-2.974133158042550299e-03,-3.635759767267510156e-02
-3.475993126205401303e-03,4.527497041461763794e-01,-5.193555477754495664e-01,1.052235124602199784e-01,-4.963163364248948314e-03,-3.610252880976200229e-02
-5.756406023748496595e-03,4.968475096798650181e-01,-5.570935392207997383e-01,9.855794812856737142e-02,-7.261931904912690902e-03,-3.577460074456589173e-02
-8.376699607506969680e-03,5.423063156183312028e-01,-5.936739242215357537e-01,8.929827103354830153e-02,-9.900385060086154196e-03,-3.537085280374537705e-02
-1.136883517759500542e-02,5.889857092154749951e-01,-6.286462634074301281e-01,7.713169148574607059e-02,-1.291047713647932964e-02,-3.488842095092290624e-02
-1.476712447327362121e-02,6.367401481077819003e-01,-6.615600573316900990e-01,6.175044131585027962e-02,-1.632651516689614599e-02,-3.432437409230594538e-02
-1.860860217043464396e-02,6.854175957766504013e-01,-6.919668943898754643e-01,4.285510839178909709e-02,-2.018553176480131217e-02,-3.367553515941831832e-02
-2.293342672521928374e-02,7.348576973144647084e-01,-7.194217874615064234e-01,2.015761246861997105e-02,-2.452768638622462166e-02,-3.293829588758621918e-02
-2.778532059882062727e-02,7.848896681239649897e-01,-7.434839559847956636e-01,-6.616085356634025978e-03,-2.939670604481284949e-02,-3.210843395359713748e-02
-3.321207577088165774e-02,8.353300997629480307e-01,-7.637173229521899698e-01,-3.772346612233608287e-02,-3.484039139145913427e-02,-3.118094132456454212e-02
-3.926617037555225204e-02,8.859809097995331451e-01,-7.796909782574880099e-01,-7.340309604229572349e-02,-4.091123398875725486e-02,-3.014987353024247904e-02
-4.600556863963779081e-02,9.366276804984982052e-01,-7.909798285748254054e-01,-1.138724436926288330e-01,-4.766721694767565159e-02,-2.900823112760525513e-02
-5.349481072252252473e-02,9.870386476899492001e-01,-7.971656273040939045e-01,-1.593259273655802943e-01,-5.517290550636619328e-02,-2.774788675009957906e-02
-6.180654343989280125e-02,1.036964619045394054e+00,-7.978385745918663563e-01,-2.099332680099423032e-01,-6.350097850713333492e-02,-2.635957363119675531e-02
-7.102369934309282762e-02,1.086140123899941079e+00,-7.925997187577259462e-01,-2.658382027031035988e-01,-7.273440821345399099e-02,-2.483295424207514895e-02
-8.124260269677739676e-02,1.134286131540992892e+00,-7.810645053913222169e-01,-3.271575313014087882e-01,-8.296956697782165158e-02,-2.315679083455202819e-02
-9.257736907995425812e-02,1.181114734084032447e+00,-7.628680492194762630e-01,-3.939802966422466524e-01,-9.432062745061751963e-02,-2.131924390778028658e-02
-1.051660712555501642e-01,1.226336293939028765e+00,-7.376731018043701793e-01,-4.663666004252293718e-01,-1.069257289275690470e-01,-1.930833141119699461e-02
-1.191792587697113187e-01,1.269669731059429152e+00,-7.051823225323600175e-01,-5.443450902669483282e-01,-1.209554972081236662e-01,-1.711259336904327744e-02
-1.348315004308341392e-01,1.310856892640377858e+00,-6.651573860672002070e-01,-6.279074824479475847e-01,-1.366245869187033002e-01,-1.472202692254935205e-02
-1.523965248732543631e-01,1.349682282051636539e+00,-6.174486320733888478e-01,-7.169976274628142576e-01,-1.542068210675135720e-01,-1.212938843232807921e-02
-1.722258428587772061e-01,1.385999639858046306e+00,-5.620399933032432793e-01,-8.114917908987848705e-01,-1.740538105451542306e-01,-9.332000429087798296e-03
-1.947683028420632567e-01,1.419766356372696547e+00,-4.991134971175409385e-01,-9.111667482224118375e-01,-1.966145031985352676e-01,-6.334233874264677891e-03
-2.205810585453575057e-01,1.451083889266824523e+00,-4.291322820423687512e-01,-1.015654911692428497e+00,-2.224461376726268591e-01,-3.150799686478600228e-03
-2.503052335408653128e-01,1.480234140363680728e+00,-3.529238952371399618e-01,-1.124394920593901448e+00,-2.521898812706119264e-01,1.892770496710559618e-04
-2.845458080579795768e-01,1.507684553877037370e+00,-2.717086239148691074e-01,-1.236606524024217002e+00,-2.864506708328139473e-01,3.638917671326148510e-03
-3.235599882328214494e-01,1.534014139238087715e+00,-1.869718596308171110e-01,-1.351344570500813358e+00,-3.254855205523142225e-01,7.132050798323066529e-03
-3.667238123607345357e-01,1.559729753363033877e+00,-1.001095704882165177e-01,-1.467673915904524673e+00,-3.686700905922629112e-01,1.058986193426861115e-02
-4.120944886905366089e-01,1.585069739723827142e+00,-1.203226759618478657e-02,-1.584875570190638960e+00,-4.140610964477841605e-01,1.393664711928876629e-02
-4.567638356580098202e-01,1.610043914870160853e+00,7.677604749617131241e-02,-1.702430882341524621e+00,-4.587499603877544518e-01,1.711750735734202458e-02
-4.980921951465027142e-01,1.634763352401333858e+00,1.656293043796649433e-01,-1.819719975362719566e+00,-5.000969088449485067e-01,2.010287556413713900e-02
-5.347034332652559341e-01,1.659688008486690736e+00,2.531739508874904510e-01,-1.935802131898017420e+00,-5.367259434195039702e-01,2.287885339666111129e-02
-5.664589758090553540e-01,1.685532263927742136e+00,3.375986601669784259e-01,-2.049535511857533798e+00,-5.684987120973628016e-01,2.543779030405570601e-02
-5.938819020882919464e-01,1.713011444033565756e+00,4.171472449889309653e-01,-2.159843185057507942e+00,-5.959384854042638624e-01,2.777606999446857738e-02
-6.176741499826260418e-01,1.742666393002387792e+00,4.904588769543505866e-01,-2.265881356612462483e+00,-6.197473334614796991e-01,2.989509585021922142e-02
-6.384860183438197945e-01,1.774813170859754985e+00,5.566482037023051666e-01,-2.367068825949401933e+00,-6.405756439516051559e-01,3.180158471077657034e-02
-6.568487063333460219e-01,1.809566237943255773e+00,6.152390104831150230e-01,-2.463041511063607025e+00,-6.589546827660048844e-01,3.350664841405580352e-02
-6.731755118837368101e-01,1.846885426252900420e+00,6.660575964504724666e-01,-2.553590099871419383e+00,-6.752978069605377609e-01,3.502438768070934710e-02
-6.877831612018852070e-01,1.886621932603277374e+00,7.091369039838453237e-01,-2.638607842169228945e+00,-6.899218014272238131e-01,3.637055798827011632e-02
-7.009147585218910015e-01,1.928555478833445802e+00,7.446454215692355216e-01,-2.718054822320262076e+00,-7.030698308293631404e-01,3.756151057650960329e-02
-7.127589735693938833e-01,1.972422166346426531e+00,7.728391310878256482e-01,-2.791936451704575717e+00,-7.149306264175770975e-01,3.861341725894884558e-02
-7.234647543925755153e-01,2.017934760352930734e+00,7.940305590566375527e-01,-2.860291863886304853e+00,-7.256531968640551611e-01,3.954172688678547071e-02
-7.331521973920525070e-01,2.064797299351945448e+00,8.085692726371449535e-01,-2.923188351119120565e+00,-7.353576958868669466e-01,4.036079901428055866e-02
-7.419204238141238195e-01,2.112715511925280065e+00,8.168296127970914311e-01,-2.980719046692015706e+00,-7.441432964983225595e-01,4.108367333772328794e-02
-7.498532105616041443e-01,2.161404081190974935e+00,8.192028656823139299e-01,-3.033002047425726211e+00,-7.520938200473071822e-01,4.172194551491611308e-02
-7.570229668545208623e-01,2.210591472331711937e+00,8.160921286235860439e-01,-3.080179915780724365e+00,-7.592817117240825420e-01,4.228572753019949754e-02
-7.634935094484062157e-01,2.260022833641005757e+00,8.079088328590015022e-01,-3.122419010016889374e+00,-7.657708152458789774e-01,4.278367477458568102e-02
-7.693219794215022667e-01,2.309461362844580812e+00,7.950703235082856590e-01,-3.159908415071724264e+00,-7.716182896637331368e-01,4.322306416885381836e-02
-7.745601587752285466e-01,2.358688464156024622e+00,7.779981513708759122e-01,-3.192858437195472021e+00,-7.768759264197316883e-01,4.360990925133624574e-02
-7.792553791587374379e-01,2.407502983090262116e+00,7.571168644740676745e-01,-3.221498722319816377e+00,-7.815910588354585409e-01,4.394909983245192525e-02
-7.834511632779518342e-01,2.455719780481117276e+00,7.328531447129683629e-01,-3.246076091913341344e+00,-7.858072044681956303e-01,4.424455574500651273e-02
-7.871876988874541015e-01,2.503167886392299923e+00,7.056351469730083315e-01,-3.266852183321525160e+00,-7.895645401283628573e-01,4.449938627279995118e-02
-7.905022135728974053e-01,2.549688454793055392e+00,6.758918861847228454e-01,-3.284100951669336244e+00,-7.929002776857383417e-01,4.471604879668507337e-02
-7.934292941881380123e-01,2.595132718995146082e+00,6.440524979193519295e-01,-3.298106051225922375e+00,-7.958489844739218277e-01,4.489650184660516630e-02
-7.960011764408443380e-01,2.639360124290738963e+00,6.105451838044485546e-01,-3.309158077333130166e+00,-7.984428737548394661e-01,4.504234895569069613e-02
-7.982480165425051011e-01,2.682236786008167950e+00,5.757956561647969984e-01,-3.317551625501128143e+00,-8.007120771457234554e-01,4.515497044433271906e-02
-8.001981471018531078e-01,2.723634386031205779e+00,5.402249270384406055e-01,-3.323582120043834465e+00,-8.026849011876878714e-01,4.523564058745406513e-02
-8.018783128655332382e-01,2.763429576893836614e+00,5.042463516310935479e-01,-3.327542385620263055e+00,-8.043880636686597807e-01,4.528562769619080830e-02
-8.033138780850048732e-01,2.801503909784487156e+00,4.682619353845519639e-01,-3.329718981527780564e+00,-8.058469014931529673e-01,4.530627469663076057e-02
-8.045289959892752973e-01,2.837744244102365698e+00,4.326580378233851332e-01,-3.330388384507461552e+00,-8.070855405929611148e-01,4.529905804849639755e-02
-8.055467318782824071e-01,2.872043538152295739e+00,3.978007355726949079e-01,-3.329813178342165170e+00,-8.081270194063364665e-01,4.526562350223327369e-02
-8.063891343867811701e-01,2.904301872552126351e+00,3.640312141228656539e-01,-3.328238469849950310e+00,-8.089933604847486803e-01,4.520779831518566272e-02
-8.070772538969516186e-01,2.934427529877189578e+00,3.316616149467535579e-01,-3.325888782621155393e+00,-8.097055892104911834e-01,4.512758104861676334e-02
-8.076311120191436155e-01,2.962337953057115669e+00,3.009717518087017818e-01,-3.322965669017249990e+00,-8.102837035457148840e-01,4.502711170576864652e-02
-8.080696305101410237e-01,2.987960432330039939e+00,2.722070243585293925e-01,-3.319646225048130006e+00,-8.107466031807163409e-01,4.490862641706655500e-02
-8.084105310822967683e-01,3.011232420494375894e+00,2.455777142902277888e-01,-3.316082601508703487e+00,-8.111119895321307061e-01,4.477440182030194282e-02
-8.086702187717476065e-01,3.032101437732604765e+00,2.212596799245056811e-01,-3.312402497296409454e+00,-8.113962492569952722e-01,4.462669453234320571e-02
-8.088636608662143068e-01,3.050524587511306951e+00,1.993963041012262183e-01,-3.308710519306401920e+00,-8.116143332825821455e-01,4.446768065553342864e-02
-8.090042712634050170e-01,3.066467753163742316e+00,1.801014265418177107e-01,-3.305090215975495571e+00,-8.117796412246207627e-01,4.429939926479590367e-02
-8.091038072056047081e-01,3.079904574667464257e+00,1.634629207204710277e-01,-3.301606548158484422e+00,-8.119039181432522456e-01,4.412370253809216880e-02
-8.091722822981519680e-01,3.090815316114225109e+00,1.495465573261686998e-01,-3.298308551866445448e+00,-8.119971675498109942e-01,4.394221389231458413e-02
-8.092178970962934370e-01,3.099185729825112201e+00,1.383998209897835119e-01,-3.295231965607959168e+00,-8.120675819551986807e-01,4.375629437959021456e-02
-8.092469866310432192e-01,3.105006008410612139e+00,1.300553982216684501e-01,-3.292401630397874701e+00,-8.121214903368573212e-01,4.356701680483016786e-02
-8.092639831162248276e-01,3.108269896783697472e+00,1.245341168414152988e-01,-3.289833512837730289e+00,-8.121633207723698566e-01,4.337514657565805926e-02
-8.092713916587522816e-01,3.108974016433374565e+00,1.218471787635532350e-01,-3.287536243377696454e+00,-8.121955760666131896e-01,4.318112815878739214e-02
-8.092697769280513542e-01,3.107117436639533103e+00,1.219975821286188866e-01,-3.285512098609073561e+00,-8.122188203320012123e-01,4.298507612749788431e-02
-8.092577592558187760e-01,3.102701512577730636e+00,1.249806735391154749e-01,-3.283757387002915529e+00,-8.122316749953366610e-01,4.278677006908732094e-02
-8.092320193756916691e-01,3.095729997973087677e+00,1.307838083215594194e-01,-3.282262223082148989e+00,-8.122308234418729178e-01,4.258565300970522383e-02
-8.091873118371903928e-01,3.086209428874659100e+00,1.393851302878881537e-01,-3.281009698246539319e+00,-8.122110243307963939e-01,4.238083344572823180e-02
-8.091164879154469913e-01,3.074149763673392766e+00,1.507515173181467050e-01,-3.279974480612246168e+00,-8.121651344024670705e-01,4.217109148959297116e-02
-8.090105294601980246e-01,3.059565251237119199e+00,1.648357797789167800e-01,-3.279120904290528937e+00,-8.120841422189049030e-01,4.195488998589543689e-02
-8.088585954398450628e-01,3.042475483111402923e+00,1.815732482356902378e-01,-3.278400642438676460e+00,-8.119572145907605343e-01,4.173039166550814721e-02
-8.086480827765040180e-01,3.022906567295223113e+00,2.008779450317383086e-01,-3.277750098127961476e+00,-8.117717572838467621e-01,4.149548340849672917e-02
-8.083647022748848832e-01,3.000892341771996374e+00,2.226385967503768659e-01,-3.277087689752844035e+00,-8.115134908052626939e-01,4.124780840780675056e-02
-8.079925689077449569e-01,2.976475529097225348e+00,2.467148019929185920e-01,-3.276311247241485258e+00,-8.111665405294101738e-01,4.098480641074826736e-02
-8.075143034345628745e-01,2.949708723768412089e+00,2.729337073759456889e-01,-3.275295762647510767e+00,-8.107135381387596818e-01,4.070376125637216458e-02
-8.069111394848670349e-01,2.920655107317770227e+00,3.010875481097955997e-01,-3.273891743341399430e+00,-8.101357285098450545e-01,4.040185369205309684e-02
-8.061630272458094604e-01,2.889388806551950406e+00,3.309323643055971376e-01,-3.271924389069830408e+00,-8.094130731839555004e-01,4.007621610361686293e-02
-8.052487223606511479e-01,2.855994849507838662e+00,3.621881048827489402e-01,-3.269193752031161360e+00,-8.085243390297106592e-01,3.972398457444033248e-02
-8.041458472400164759e-01,2.820568728074084319e+00,3.945401854983986989e-01,-3.265475946756264403e+00,-8.074471593001399938e-01,3.934234287787774509e-02
-8.028309122354911898e-01,2.783215637216993166e+00,4.276423977857752856e-01,-3.260525368241042443e+00,-8.061580545343947080e-01,3.892855283512053344e-02
-8.012792861881186113e-01,2.744049516147841317e+00,4.611209071936455683e-01,-3.254077773246894623e+00,-8.046324028166467190e-01,3.847996603780956537e-02
-7.994651094161073779e-01,2.703192054207232964e+00,4.945789597264960147e-01,-3.245854002329261689e+00,-8.028443524558769306e-01,3.799401316364842823e-02
-7.973611464637597734e-01,2.660771835075598446e+00,5.276018679367121544e-01,-3.235564083961469439e+00,-8.007666744077854837e-01,3.746816876402062763e-02
-7.949385798460046892e-01,2.616923774888579413e+00,5.597618702080049413e-01,-3.222911470872297013e+00,-7.983705556732149100e-01,3.689989115229033029e-02
-7.921667485260219799e-01,2.571788967318917596e+00,5.906225428087739093e-01,-3.207597204388741741e+00,-7.956253374128529066e-01,3.628653857272319538e-02
-7.890128350842529059e-01,2.525514990583596298e+00,6.197425666189431137e-01,-3.189323868981241983e+00,-7.924982017429257342e-01,3.562526400173722518e-02
-7.854415028602619309e-01,2.478256667774699995e+00,6.466787813068627377e-01,-3.167799267870385016e+00,-7.889538085060128214e-01,3.491289169904384510e-02
-7.814144783370609026e-01,2.430177211283711447e+00,6.709885752375169821e-01,-3.142739806200756991e+00,-7.849538773076955023e-01,3.414577909420094676e-02
-7.768900642600045092e-01,2.381449629422871084e+00,6.922317454447660667e-01,-3.113873602150736275e+00,-7.804567003427264060e-01,3.331966794705343293e-02
-7.718225548278513370e-01,2.332258230205683347e+00,7.099720152090758241e-01,-3.080943356901247654e+00,-7.754165573920275278e-01,3.242952914556936767e-02
-7.661615048186662946e-01,2.282800022606001455e+00,7.237784226230657980e-01,-3.043709006312846022e+00,-7.697829849099774302e-01,3.146940613434727474e-02
-7.598507783344035094e-01,2.233285786984322119e+00,7.332268036106868170e-01,-3.001950159699146692e+00,-7.634998249554750815e-01,3.043226284495182885e-02
-7.528272680395654559e-01,2.183940560550980070e+00,7.379016028629742374e-01,-2.955468316711239662e+00,-7.565039449230076540e-01,2.930984307177210771e-02
-7.450191297005901436e-01,2.135003256839800745e+00,7.373982751893690679e-01,-2.904088857238341870e+00,-7.487234729691167878e-01,2.809254937526088278e-02
-7.363433158808432299e-01,2.086725104829579625e+00,7.313266114431322684e-01,-2.847662839570958226e+00,-7.400753330815083020e-01,2.676935064739524237e-02
-7.267021118072819474e-01,2.039366545297397693e+00,7.193154677593140978e-01,-2.786068741001282767e+00,-7.304617828993152928e-01,2.532772836063248295e-02
-7.159782691534150034e-01,1.993192146427289257e+00,7.010196338446891273e-01,-2.719214459679482498e+00,-7.197655501226328800e-01,2.375367235734111848e-02
-7.040281930056923043e-01,1.948462979859773903e+00,6.761299943125623768e-01,-2.647040198793398691e+00,-7.078430228853020978e-01,2.203173827912639771e-02
-6.906724631562767280e-01,1.905425713412064237e+00,6.443887655954150251e-01,-2.569523305353815346e+00,-6.945147753895175580e-01,2.014518128709771524e-02
-6.756827913739634761e-01,1.864297423917280261e+00,6.056124430894000987e-01,-2.486686746552243310e+00,-6.795525307368598389e-01,1.807618587878254829e-02
-6.587644550896269990e-01,1.825244871253119960e+00,5.597260421725492874e-01,-2.398613607193846420e+00,-6.626616019576878625e-01,1.580622068195326746e-02
-6.395337075147496941e-01,1.788356939050054661e+00,5.068127354782792082e-01,-2.305470483859143549e+00,-6.434583123928205861e-01,1.331656078347402510e-02
-6.174917934531758412e-01,1.753609807760259542e+00,4.471815825117268495e-01,-2.207542086836579820e+00,-6.214440268716271421e-01,1.058903876794731191e-02
-5.920039330453191750e-01,1.720827742728988197e+00,3.814492522355721338e-01,-2.105275785566588453e+00,-5.959841597518545919e-01,7.607115838702170445e-03
-5.623092836495020563e-01,1.689651078260362205e+00,3.106130695964373079e-01,-1.999324701269794557e+00,-5.663181753409007868e-01,4.357445561281823691e-03
-5.276251150524038369e-01,1.659540276950134619e+00,2.360555723859988075e-01,-1.890557607932847661e+00,-5.316638181654572692e-01,8.323560017324049343e-04
-4.874566422844139324e-01,1.629865937935521814e+00,1.593757127165709997e-01,-1.779979287358091300e+00,-4.915269985599652891e-01,-2.965768834153268731e-03
-4.421875599119503009e-01,1.600121560078796357e+00,8.196722133116028652e-02,-1.668517599241975402e+00,-4.462923015872325982e-01,-7.016984160830616601e-03
-3.936854829352481322e-01,1.570170546135337242e+00,4.518711214164743140e-03,-1.556764949135978071e+00,-3.978281974896052953e-01,-1.127466749605659027e-02
-3.451383175697663175e-01,1.540251886503236411e+00,-7.301197307268059156e-02,-1.444956338969102472e+00,-3.493229905369353294e-01,-1.566305642105261103e-02
-2.997597933341658027e-01,1.510610097938240415e+00,-1.506773442795498741e-01,-1.333323665038558703e+00,-3.039900917327399421e-01,-2.008953776698789093e-02
-2.594678006340137011e-01,1.481115760836714701e+00,-2.278010978722221636e-01,-1.222458537171915438e+00,-2.637465586193173395e-01,-2.446480908264256002e-02
-2.246803871452329460e-01,1.451258117239099921e+00,-3.029779307774927433e-01,-1.113301310662541788e+00,-2.290095120546866703e-01,-2.871654206614974655e-02
-1.949123189196700356e-01,1.420391658740750351e+00,-3.745735451358926382e-01,-1.006880588943426247e+00,-1.992929583424148110e-01,-3.279295176011463170e-02
-1.693766214184273811e-01,1.387956138095671976e+00,-4.411618461842687355e-01,-9.040913477364789230e-01,-1.738093774454794738e-01,-3.666089118441927253e-02
-1.473045400506865221e-01,1.353572614309315636e+00,-5.017062886917211806e-01,-8.056087530104580896e-01,-1.517896360479674689e-01,-4.030227213185126611e-02
-1.280542238804880939e-01,1.317050086251444485e+00,-5.555602322279392657e-01,-7.118959637975916799e-01,-1.325916138600447269e-01,-4.371037098631035123e-02
-1.111217898860108605e-01,1.278353757161334370e+00,-6.023938366122046917e-01,-6.232478510883773248e-01,-1.157112264359154569e-01,-4.688658533823462926e-02
-9.612013814757529306e-02,1.237565164028023190e+00,-6.421103685519298221e-01,-5.398371005200820472e-01,-1.007612151370347181e-01,-4.983782162192053333e-02
-8.275251530723903848e-02,1.194846506147219101e+00,-6.747762841947569923e-01,-4.617503396566325913e-01,-8.744469641172213092e-02,-5.257449943544077048e-02
-7.078951142962970622e-02,1.150412345854462615e+00,-7.005698179680618365e-01,-3.890126924656705509e-01,-7.553215107999776412e-02,-5.510907189386065469e-02
-6.005118410267705487e-02,1.104508309235891383e+00,-7.197454843009872816e-01,-3.216030457091732520e-01,-6.484354456535883215e-02,-5.745494579763974624e-02
-5.039379824541886238e-02,1.057395470981020935e+00,-7.326103015836862298e-01,-2.594629826384621252e-01,-5.523506479208256659e-02,-5.962570296444138357e-02
-4.170019755873201339e-02,1.009339125501550249e+00,-7.395080300576051258e-01,-2.025018625902616221e-01,-4.658949265332626433e-02,-6.163454934024998472e-02
-3.387288882111688659e-02,9.606009144344802575e-01,-7.408086825663267039e-01,-1.505998088084686826e-01,-3.880928566005002051e-02,-6.349393995867766427e-02
-2.682910597283598084e-02,9.114335439617569090e-01,-7.369014491256933308e-01,-1.036097345287235322e-01,-3.181164139651621037e-02,-6.521534263584789770e-02
-2.049729984999655932e-02,8.620775194463637936e-01,-7.281898315457236981e-01,-6.135906710096528799e-02,-2.552498650196332805e-02,-6.680911244316513342e-02
-1.481464297443704434e-02,8.127594520595898819e-01,-7.150882228443558031e-01,-2.365151290092614572e-02,-1.988648055267688147e-02,-6.828445443491380773e-02
-9.725247914493173260e-03,7.636915715620432588e-01,-6.980194375405008866e-01,9.730989790885248569e-03,-1.484023339192434149e-02,-6.964945551857952555e-02
-5.178879678572910483e-03,7.150721297165771873e-01,-6.774128533432774990e-01,3.902608959803507277e-02,-1.033601643238256720e-02,-7.091116884398288023e-02
-1.130004269296394637e-03,6.670864133795186834e-01,-6.537029029746435072e-01,6.448861809479934648e-02,-6.328310128003841219e-03,-7.207573619731393044e-02
2.462937899369600607e-03,6.199081138017797921e-01,-6.273276879075684320e-01,8.638797613427544320e-02,-2.775576377816630063e-03,-7.314853577840078891e-02
5.638109824983657432e-03,5.737008245766801462e-01,-5.987274975297315338e-01,1.050053109354646963e-01,3.603201993890153007e-04,-7.413434437617448525e-02
8.430756598055684156e-03,5.286194688410694731e-01,-5.683430267182356666e-01,1.206304669425059400e-01,3.114591718131268314e-03,-7.503750425359614895e-02
1.087361483658444428e-02,4.848114898421850283e-01,-5.366131075292277508e-01,1.335586835257262239e-01,5.519937103954385832e-03,-7.586208598156041205e-02
1.299726839459775830e-02,4.424176802310824663e-01,-5.039718182898685894e-01,1.440870194896087808e-01,7.606898338704586038e-03,-7.661203910642919168e-02
1.483045586554316772e-02,4.015725755691952892e-01,-4.708449118413166601e-01,1.525105131829569416e-01,9.404168431205344944e-03,-7.729132310417563545e-02
1.640032913100039277e-02,3.624043953799712670e-01,-4.376456119409072865e-01,1.591181371456449611e-01,1.093885040934975371e-02,-7.790401185479263468e-02
1.773265921623501037e-02,3.250345763120452980e-01,-4.047699508586543593e-01,1.641886702670445342e-01,1.223666364163761289e-02,-7.845436615391655766e-02
1.885198558075369332e-02,2.895769990542034211e-01,-3.725919405281346575e-01,1.679866746364620522e-01,1.332209365592419009e-02,-7.894687074786697900e-02
1.978170712456210970e-02,2.561370541006479096e-01,-3.414589575054540749e-01,1.707588113350572423e-01,1.421848376193983639e-02,-7.938623501093498847e-02
2.054411682522389038e-02,2.248107125774398696e-01,-3.116877540545270886e-01,1.727307434065433467e-01,1.494807040039570004e-02,-7.977735940784810853e-02
2.116038603994147352e-02,1.956837622105399299e-01,-2.835614704823428145e-01,1.741048461365939104e-01,1.553196824163190042e-02,-8.012527282586211219e-02
2.165050809472660737e-02,1.688313362954629304e-01,-2.573279208611087832e-01,1.750588763356217270e-01,1.599011462860795013e-02,-8.043504817958904707e-02
2.203321304236801476e-02,1.443178125602568584e-01,-2.331992759305700769e-01,1.757456562146350043e-01,1.634118520867529692e-02,-8.071170495670472456e-02
2.232586601631213544e-02,1.221971004545857886e-01,-2.113531043949396504e-01,1.762937232513732411e-01,1.660249314138199928e-02,-8.096010740361839209e-02
2.254436052008953681e-02,1.025132814677938708e-01,-1.919345888847301396e-01,1.768088053307577123e-01,1.678988318638828178e-02,-8.118486596238641551e-02
2.270301572277306015e-02,8.530152650080818910e-02,-1.750596289489276813e-01,1.773759152442930809e-01,1.691762971565508034e-02,-8.139024771320095553e-02
2.281448400606021429e-02,7.058919125661865246e-02,-1.608184905841407719e-01,1.780618266460121113e-01,1.699834488062952273e-02,-8.158009940473025245e-02
2.288967222581551886e-02,5.839698452473825185e-02,-1.492796569792706751e-01,1.789176927456052890e-01,1.704290039351905039e-02,-8.175778459007725096e-02
2.293767784230741139e-02,4.874011130860678859e-02,-1.404935665502565489e-01,1.799815916751651146e-01,1.706036408209213664e-02,-8.192613472840548638e-02
2.296573945791639121e-02,4.162930786123587856e-02,-1.344959768784008691e-01,1.812808187800691306e-01,1.705795076781436992e-02,-8.208741300714438027e-02
2.297920041124177498e-02,3.707170407652511657e-02,-1.313107531070417389e-01,1.828337871057365005e-01,1.704098612984304359e-02,-8.224328909985424707e-02
2.298148382147046503e-02,3.507146687527761680e-02,-1.309519369664772226e-01,1.846514367325137740e-01,1.701288196201876032e-02,-8.239482302546555226e-02
2.297407770797926102e-02,3.563019439148313455e-02,-1.334250029336197241e-01,1.867380881160459194e-01,1.697512145852728138e-02,-8.254245660001116591e-02
2.295652936824575316e-02,3.874704452800577931e-02,-1.387272503778982091e-01,1.890917037611103690e-01,1.692725371786309510e-02,-8.268601154919534568e-02
2.292644893538793235e-02,4.441859349716876376e-02,-1.468473172650062164e-01,1.917035479589746239e-01,1.686689738788814744e-02,-8.282469406523230993e-02
2.287952282261398670e-02,5.263843158379068882e-02,-1.577638362082533219e-01,1.945572586776605772e-01,1.678975415529981863e-02,-8.295710634077751999e-02
2.280953846688829265e-02,6.339651601316718954e-02,-1.714432919507846709e-01,1.976273720396282962e-01,1.668963348262837015e-02,-8.308126629566527088e-02
2.270842226932565794e-02,7.667831562492907760e-02,-1.878371844701073601e-01,2.008773706322938557e-01,1.655849047674122498e-02,-8.319463722063387412e-02
2.256629273847058498e-02,9.246379943175218885e-02,-2.068786553766991665e-01,2.042573632237587866e-01,1.638647887875830864e-02,-8.329416927612157129e-02
2.237153040833382914e-02,1.107263402348865750e-01,-2.284787951564283826e-01,2.077015440421975945e-01,1.616202073076091275e-02,-8.337635457761759239e-02
2.211086498149833837e-02,1.314316228405931486e-01,-2.525229085048561473e-01,2.111256203713062773e-01,1.587189315616487073e-02,-8.343729686328141271e-02
2.176947827301829730e-02,1.545366599965366239e-01,-2.788670631233923225e-01,2.144244304435327375e-01,1.550133082287922202e-02,-8.347279542351142279e-02
2.133111898719752125e-02,1.799890227473570081e-01,-3.073352690424895894e-01,2.174699898808772347e-01,1.503414012522320646e-02,-8.347844113204111460e-02
2.077822243974108279e-02,2.077263804331053731e-01,-3.377176159515550835e-01,2.201101946514121832e-01,1.445281821402030591e-02,-8.344972025769629986e-02
2.009202555343344437e-02,2.376764159770181351e-01,-3.697696255289863454e-01,2.221683654619048542e-01,1.373866723335590186e-02,-8.338211961054774191e-02
1.925266545952712335e-02,2.697571353402895555e-01,-4.032129554992185949e-01,2.234437433589716304e-01,1.287189213730044121e-02,-8.327122493790274638e-02
1.823924945760778404e-02,3.038775320152273807e-01,-4.377374371916411544e-01,2.237129486404045575e-01,1.183166988553265193e-02,-8.311280376735009912e-02
1.702988531316525569e-02,3.399385085547663166e-01,-4.730042663271429859e-01,2.227323124753174677e-01,1.059617904032661255e-02,-8.290286436541267900e-02
1.560166387999438638e-02,3.778339096221549065e-01,-5.086500308071993937e-01,2.202409038598610869e-01,9.142581783826845762e-03,-8.263768413463860874e-02
1.393059033739968595e-02,4.174514952755521979e-01,-5.442911780405282896e-01,2.159640216151190450e-01,7.446954659036539304e-03,-8.231380330469108275e-02
1.199146509471780975e-02,4.586736844454279982e-01,-5.795285126061815451e-01,2.096169110750289444e-01,5.484169078533373924e-03,-8.192798267255849143e-02
9.757719681407915971e-03,5.013779255853882955e-01,-6.139513696415058730e-01,2.009084954131909184e-01,3.227726889196663122e-03,-8.147712686323897724e-02
7.201215867851738783e-03,5.454365975930853816e-01,-6.471412116436167095e-01,1.895449698672551919e-01,6.495591908836091232e-04,-8.095817669954474827e-02
4.292017262122402310e-03,5.907163999549800426e-01,-6.786745198147047242e-01,1.752331760417105977e-01,-2.280202403281667012e-03,-8.036797561417952096e-02
9.981413647194414124e-04,6.370772477777075782e-01,-7.081249698230975831e-01,1.576837361262450610e-01,-5.593474142878912883e-03,-7.970311568731616725e-02
-2.714703668380342126e-03,6.843707387047174295e-01,-7.350649771850970016e-01,1.366139710324049683e-01,-9.324483955889251163e-03,-7.895976910883782673e-02
-6.883399744601689449e-03,7.324383018398589185e-01,-7.590667603720184786e-01,1.117506462765616299e-01,-1.351005293413959363e-02,-7.813351098086730728e-02
-1.154772879503496337e-02,7.811091737049812300e-01,-7.797031000403384926e-01,8.283258506656779319e-02,-1.818990626618039244e-02,-7.721913969979377068e-02
-1.675073710933190282e-02,8.301983745857379748e-01,-7.965479765546317203e-01,4.961316414518149309e-02,-2.340703874057864509e-02,-7.621050189346308124e-02
-2.253919729408302569e-02,8.795048824711624302e-01,-8.091772548696305467e-01,1.186267213720669858e-02,-2.920817802368659913e-02,-7.510033010605954296e-02
-2.896423511945959983e-02,9.288102230123073122e-01,-8.171695673679901795e-01,-3.062952794028677914e-02,-3.564441289324216805e-02,-7.388010304439400489e-02
-3.608221978606021563e-02,9.778777140578065463e-01,-8.201075345184716259e-01,-7.805311930411124033e-02,-4.277208483723884264e-02,-7.253994003014715974e-02
-4.395605627052136949e-02,1.026452624332532482e+00,-8.175794761228493135e-01,-1.305753285557167409e-01,-5.065408152067855246e-02,-7.106854309126897640e-02
-5.265706951745310893e-02,1.074263531589254805e+00,-8.091818237225033572e-01,-1.883398587088864207e-01,-5.936172171271779374e-02,-6.945320167408888801e-02
-6.226773548794806851e-02,1.121025204131587572e+00,-7.945225779472029348e-01,-2.514662207231960767e-01,-6.897748651566848466e-02,-6.767987629407740124e-02
-7.288559827776816546e-02,1.166443396006796807e+00,-7.732264079469138851e-01,-3.200492364895657915e-01,-7.959893598459474862e-02,-6.573337905634739353e-02
-8.462882224634228623e-02,1.210222065001230307e+00,-7.449424274491979192e-01,-3.941581630061018471e-01,-9.134426005186342679e-02,-6.359767207866982852e-02
-9.764396875339030613e-02,1.252073728027913724e+00,-7.093563868569287001e-01,-4.738343793603256859e-01,-1.043600534993505552e-01,-6.125631157074770683e-02
-1.121167501053846050e-01,1.291733995168532267e+00,-6.662100776768002941e-01,-5.590858323413262498e-01,-1.188320680186342460e-01,-5.869307862139053200e-02
-1.282866339168549363e-01,1.328981771007038848e+00,-6.153321636326941624e-01,-6.498754411690979005e-01,-1.349998155211988293e-01,-5.589286055046851359e-02
-1.464660041805523061e-01,1.363667041754904163e+00,-5.566861359736988701e-01,-7.460995773405864062e-01,-1.531757309531946998e-01,-5.284287938577536536e-02
-1.670633672474606535e-01,1.395748050030057419e+00,-4.904414592199496936e-01,-8.475522296626559760e-01,-1.737683868375743124e-01,-4.953439917799651315e-02
-1.906057155016851468e-01,1.425337555525890920e+00,-4.170699744804430287e-01,-9.538724018779433100e-01,-1.973048805457729149e-01,-4.596505898837394827e-02
-2.177426366833051241e-01,1.452750711560609087e+00,-3.374543108924369372e-01,-1.064480655109776519e+00,-2.244349980211473305e-01,-4.214193759929280025e-02
-2.491855822544466192e-01,1.478530467781474789e+00,-2.529586200790509554e-01,-1.178531073480025393e+00,-2.558705919670222761e-01,-3.808534871061556443e-02
-2.854893664122691854e-01,1.503401278249112183e+00,-1.653564093745917285e-01,-1.294936223012708831e+00,-2.921672627088633400e-01,-3.383326169489647706e-02
-3.265805966067527599e-01,1.528097354340491654e+00,-7.649755499057013519e-02,-1.412531280881654583e+00,-3.332529802281281039e-01,-2.944599704154846759e-02
-3.711685636690581491e-01,1.553104534412798055e+00,1.221397047139790963e-02,-1.530344987876381069e+00,-3.778389266159219995e-01,-2.500898558959499182e-02
-4.166638994244259431e-01,1.578547302756961201e+00,1.000664687733543029e-01,-1.647739358527361420e+00,-4.233375713354636805e-01,-2.062677495134612737e-02
-4.601260209399719026e-01,1.604421234421790965e+00,1.866047375870973080e-01,-1.764207232176269402e+00,-4.668092582339648522e-01,-1.640279026562193460e-02
-4.995242334345783575e-01,1.630932908653663027e+00,2.709810246682025081e-01,-1.879061385025681652e+00,-5.062230007847656754e-01,-1.241545847585330195e-02
-5.341550179152718680e-01,1.658561861662429138e+00,3.518524794711213044e-01,-1.991395656953929283e+00,-5.408742256542093951e-01,-8.708630041653238341e-03
-5.642327499776821353e-01,1.687873610118400425e+00,4.277588025597678367e-01,-2.100280133154174056e+00,-5.709760996320305537e-01,-5.297415022676506269e-03
-5.903488122687253759e-01,1.719332822638141911e+00,4.974833284841637115e-01,-2.204938408036570152e+00,-5.971189697285083087e-01,-2.178561753304643356e-03
-6.131453910355573189e-01,1.753223820932201305e+00,5.601919561091065480e-01,-2.304807093403645979e+00,-6.199442346265308101e-01,6.613792283382298595e-04
-6.331859403149163734e-01,1.789652099118156148e+00,6.154120997882219779e-01,-2.399514523021653911e+00,-6.400147772865357743e-01,3.240991168891881741e-03
-6.509265050209538384e-01,1.828579059295190490e+00,6.629526858963459279e-01,-2.488833196419200977e+00,-6.577862352153812653e-01,5.581064655485672849e-03
-6.667251010085440965e-01,1.869861863934378921e+00,7.028222162310530097e-01,-2.572635597681061537e+00,-6.736163350285394591e-01,7.702918607264724188e-03
-6.808608726100480180e-01,1.913287753921778522e+00,7.351643883996623607e-01,-2.650862450200195397e+00,-6.877840164004450640e-01,9.627423644825501559e-03
-6.935527546261337495e-01,1.958600703525579911e+00,7.602129607050227555e-01,-2.723502958363348991e+00,-7.005080702975223783e-01,1.137442323603888965e-02
-7.049747788507317869e-01,2.005521263370615870e+00,7.782618313284639378e-01,-2.790583781582780087e+00,-7.119624287033597954e-01,1.296238688089800320e-02
-7.152677934869186016e-01,2.053761036916639693e+00,7.896456900050536909e-01,-2.852163468659587142e+00,-7.222878719607804809e-01,1.440820712722706669e-02
-7.245481347087516788e-01,2.103033053527900709e+00,7.947275602555342600e-01,-2.908329875706317402e+00,-7.316006914838676378e-01,1.572709423185853286e-02
-7.329139132173768667e-01,2.153058979667910044e+00,7.938906973685915247e-01,-2.959198933331344872e+00,-7.399989697240574316e-01,1.693254368934904788e-02
-7.404495067320738810e-01,2.203573846222092847e+00,7.875332258205052227e-01,-3.004913795184216418e+00,-7.475670677131545094e-01,1.803636168701872045e-02
-7.472287368101202532e-01,2.254328795502693605e+00,7.760645336153686458e-01,-3.045643865935963923e+00,-7.543787981696451483e-01,1.904873743474924663e-02
-7.533171021461363415e-01,2.305092247360720492e+00,7.599028402289009776e-01,-3.081583505521164668e+00,-7.604996560362440317e-01,1.997835263414619866e-02
-7.587733512892089749e-01,2.355649824248658319e+00,7.394735849282220164e-01,-3.112950379304304960e+00,-7.659883891790202348e-01,2.083251893315948150e-02
-7.636506055844169971e-01,2.405803340077381058e+00,7.152083978364233152e-01,-3.139983506351356368e+00,-7.708981198938230639e-01,2.161733488410937098e-02
-7.679971857673060232e-01,2.455369134813913945e+00,6.875444573806004378e-01,-3.162941078251673588e+00,-7.752771705198691077e-01,2.233785489388460249e-02
-7.718572505680634244e-01,2.504176019118703689e+00,6.569240335891869398e-01,-3.182098100964785736e+00,-7.791697014127346721e-01,2.299826381028298103e-02
-7.752713207378199023e-01,2.552063077131180080e+00,6.237939891013365434e-01,-3.197743869984933873e+00,-7.826162346040819173e-01,2.360205189264927977e-02
-7.782767351594703786e-01,2.598877557850564735e+00,5.886049776985337045e-01,-3.210179240544548840e+00,-7.856541097414290187e-01,2.415218574131368021e-02
-7.809080654546236566e-01,2.644473062919350692e+00,5.518100621084754964e-01,-3.219713614407223812e+00,-7.883178986636529828e-01,2.465127116835490184e-02
-7.831975003594727758e-01,2.688708206493278130e+00,5.138624871464428923e-01,-3.226661546925291280e+00,-7.906397898397126145e-01,2.510170397195131409e-02
-7.851752001317162666e-01,2.731445876532005546e+00,4.752124071124358973e-01,-3.231338894102349979e+00,-7.926499428958552196e-01,2.550580426765055794e-02
-7.868696138344508650e-01,2.772553163227667206e+00,4.363024867846606036e-01,-3.234058475823898160e+00,-7.943768060471357861e-01,2.586592971089601151e-02
-7.883077483681920627e-01,2.811901940683333212e+00,3.975624687703339655e-01,-3.235125325462269608e+00,-7.958473852801056792e-01,2.618456298081661346e-02
-7.895153776007732827e-01,2.849370000124314739e+00,3.594030031730178210e-01,-3.234831712794100422e+00,-7.970874536175734937e-01,2.646436963364706685e-02
-7.905171827297071685e-01,2.884842551258743448e+00,3.222092271643758332e-01,-3.233452239911935422e+00,-7.981216915867558326e-01,2.670822406976710792e-02
-7.913368204876986001e-01,2.918213850838125900e+00,2.863347117616977244e-01,-3.231239386011511616e+00,-7.989737554940805619e-01,2.691920381096599840e-02
-7.919969227619989560e-01,2.949388699534313929e+00,2.520964182383079177e-01,-3.228419888817164463e+00,-7.996662770756808314e-01,2.710055516156616162e-02
-7.925190380200297646e-01,2.978283576546361555e+00,2.197712098801340996e-01,-3.225192286345527126e+00,-8.002208049194670103e-01,2.725563601656503729e-02
-7.929235300239310114e-01,3.004827249856921512e+00,1.895942640043951632e-01,-3.221725813450294851e+00,-8.006577031486649121e-01,2.738784345584663327e-02
-7.932294516175465438e-01,3.028960791614855097e+00,1.617594722818401221e-01,-3.218160683344065909e+00,-8.009960251595351632e-01,2.750053441362745876e-02
-7.934544106686760578e-01,3.050637020616867368e+00,1.364216652167064003e-01,-3.214609623629175239e+00,-8.012533795054530561e-01,2.759694707829621341e-02
-7.936144421471180710e-01,3.069819467971180327e+00,1.137003012501136695e-01,-3.211160412532893194e+00,-8.014458019158833268e-01,2.768012904351328796e-02
-7.937238958990286974e-01,3.086481006784779879e+00,9.368415072753430439e-02,-3.207879092205835558e+00,-8.015876430165926880e-01,2.775287608226026728e-02
-7.937953450790469212e-01,3.100602300901587949e+00,7.643648115112874897e-02,-3.204813522922194569e+00,-8.016914767159528665e-01,2.781768325317063653e-02
-7.938395162846166864e-01,3.112170217525953131e+00,6.200029369276104096e-02,-3.201996972572136002e+00,-8.017680303030213507e-01,2.787670824760597396e-02
-7.938652396481458151e-01,3.121176323590430624e+00,5.040324392015489707e-02,-3.199451491900734190e+00,-8.018261345127141171e-01,2.793174563564033638e-02
-7.938794155518047457e-01,3.127615555326724195e+00,4.166197535899224952e-02,-3.197190890186628387e+00,-8.018726902215662644e-01,2.798420999105562246e-02
-7.938869940623082266e-01,3.131485121625176227e+00,3.578568332411937586e-02,-3.195223185726756565e+00,-8.019126478696987359e-01,2.803512568314114883e-02
-7.938909633634589902e-01,3.132783678333540323e+00,3.277879765831385322e-02,-3.193552453561171234e+00,-8.019489958850225531e-01,2.808512128593294854e-02
-7.938923441218115329e-01,3.131510793908116153e+00,3.264272348915060740e-02,-3.192180027262555342e+00,-8.019827550435535413e-01,2.813442694610253023e-02
-7.938901876443092975e-01,3.127666716183992612e+00,3.537661104696929876e-02,-3.191105033759306764e+00,-8.020129766236224755e-01,2.818287356936783131e-02
-7.938815767369442611e-01,3.121252443774732654e+00,4.097714429201101960e-02,-3.190324253565406387e+00,-8.020367432624552206e-01,2.822989326578198913e-02
-7.938616292686800913e-01,3.112270101506375841e+00,4.943735041499240646e-02,-3.189831307992256448e+00,-8.020491725193263921e-01,2.827452109702798325e-02
-7.938235055325790768e-01,3.100723614901788050e+00,6.074444559377498165e-02,-3.189615184833530126e+00,-8.020434242377185718e-01,2.831539876815362261e-02
-7.937584215196034076e-01,3.086619671651193553e+00,7.487675402136922953e-02,-3.189658129504773232e+00,-8.020107138229597421e-01,2.835078147470629709e-02
-7.936556710864038910e-01,3.069968946088064587e+00,9.179977372425325577e-02,-3.189932954027174805e+00,-8.019403344180702220e-01,2.837854961004431312e-02
-7.935026605504190700e-01,3.050787544435603849e+00,1.114615187733451473e-01,-3.190399854661778001e+00,-8.018196915128210644e-01,2.839622738420743281e-02
-7.932849592557777996e-01,3.029098603746599672e+00,1.337873442724838713e-01,-3.191002881126355994e+00,-8.016343535311537538e-01,2.840101049943355091e-02
-7.929863688432349234e-01,3.004933947818657192e+00,1.586745532347599852e-01,-3.191666262988849923e+00,-8.013681211313812280e-01,2.838980473825600606e-02
-7.925890120638379166e-01,2.978335673501376402e+00,1.859871803173442362e-01,-3.192290863594017480e+00,-8.010031160590422861e-01,2.835927652281218167e-02
-7.920734388686107019e-01,2.949357518296472414e+00,2.155514247919542159e-01,-3.192751084618276725e+00,-8.005198872831970069e-01,2.830591512917322167e-02
-7.914187433328135901e-01,2.918065854632522438e+00,2.471522361912232013e-01,-3.192892566899978135e+00,-7.998975279710187625e-01,2.822610433979129071e-02
-7.906026802770139694e-01,2.884540176873522821e+00,2.805315135689192552e-01,-3.192531007898203654e+00,-7.991137921567393887e-01,2.811619911735030106e-02
-7.896017661708996105e-01,2.848872998893048347e+00,3.153882475125396878e-01,-3.191452332810434722e+00,-7.981451956825250660e-01,2.797260079217787562e-02
-7.883913462045856191e-01,2.811169159643272852e+00,3.513807197310727104e-01,-3.189414319361037364e+00,-7.969670832864466092e-01,2.779182278655346547e-02
-7.869456092814403059e-01,2.771544628420143042e+00,3.881306126870546214e-01,-3.186149607632453584e+00,-7.955536435823544750e-01,2.757053851649158421e-02
-7.852375355293912396e-01,2.730124989736204544e+00,4.252286276140477272e-01,-3.181369861952261235e+00,-7.938778565217453620e-01,2.730560404496057414e-02
-7.832387662733810707e-01,2.687043847846732891e+00,4.622410241827989430e-01,-3.174770730391552664e+00,-7.919113632777026179e-01,2.699405018471711520e-02
-7.809193929583782001e-01,2.642441407566893385e+00,4.987164226562255664e-01,-3.166037196279124277e+00,-7.896242550435266239e-01,2.663304160048060240e-02
-7.782476675025966628e-01,2.596463457650848294e+00,5.341922602884641158e-01,-3.154848941539291296e+00,-7.869847832356006156e-01,2.621980340010288124e-02
-7.751896403014880699e-01,2.549260914718842752e+00,5.682004439655105044e-01,-3.140885427711657130e+00,-7.839589973379426091e-01,2.575151815048389373e-02
-7.717087323664638676e-01,2.500989996459138442e+00,6.002719440554921126e-01,-3.123830516999906326e+00,-7.805103168963651861e-01,2.522519786940143061e-02
-7.677652442081409623e-01,2.451813000678496390e+00,6.299402795828228374e-01,-3.103376570089778852e+00,-7.765990403032987377e-01,2.463753630428552194e-02
-7.633157957794948212e-01,2.401899585337180287e+00,6.567440135799668122e-01,-3.079228045139392744e+00,-7.721817847279210945e-01,2.398474694006218211e-02
-7.583126788303554688e-01,2.351428380649208005e+00,6.802284908154990761e-01,-3.051104671490456610e+00,-7.672108385916299733e-01,2.326239202633684222e-02
-7.527030848444902222e-01,2.300588717987439136e+00,6.999471078987928863e-01,-3.018744282976905779e+00,-7.616333898199928454e-01,2.246520780792945690e-02
-7.464281472731079115e-01,2.249582228001768325e+00,7.154624211392882627e-01,-2.981905378994650579e+00,-7.553905686587110146e-01,2.158693129907436961e-02
-7.394217043758156693e-01,2.198624036709809992e+00,7.263473906404180891e-01,-2.940369451718202853e+00,-7.484162114552427303e-01,2.062013442695377965e-02
-7.316086463357668324e-01,2.147943267884222074e+00,7.321870529175968922e-01,-2.893943092496826353e+00,-7.406352091844229379e-01,1.955607211079063781e-02
-7.229026545000393211e-01,2.097782537419880633e+00,7.325809333899928610e-01,-2.842459888539474289e+00,-7.319612487079223406e-01,1.838455167456250552e-02
-7.132030680787218024e-01,2.048396094183759786e+00,7.271465817491796768e-01,-2.785782163422644953e+00,-7.222936822778361909e-01,1.709383175042996153e-02
-7.023905206573218818e-01,2.000046213240967763e+00,7.155247702022330403e-01,-2.723802725678253545e+00,-7.115131678738244592e-01,1.567055949081415031e-02
-6.903208732283827587e-01,1.952997368499769681e+00,6.973871770560882144e-01,-2.656446996483857514e+00,-6.994756074094042875e-01,1.409975578618284132e-02
-6.768168377846170980e-01,1.907507587042496233e+00,6.724478305702195069e-01,-2.583676219937706353e+00,-6.860037773402567485e-01,1.236486022849586988e-02
-6.616565686597498663e-01,1.863816206806618858e+00,6.404802404854003095e-01,-2.505492938687778892e+00,-6.708759296236878056e-01,1.044785274979346396e-02
-6.445585119968706422e-01,1.822127047443816483e+00,6.013429509347577584e-01,-2.421950522443168108e+00,-6.538106546181993162e-01,8.329480864537650020e-03
-6.251622863291894650e-01,1.782585897313563983e+00,5.550169191035833061e-01,-2.333169110845202177e+00,-6.344477807915681611e-01,5.989646838812340279e-03
-6.030072404114376061e-01,1.745251648374111841e+00,5.016577281150653711e-01,-2.239360363137965049e+00,-6.123269600887367714e-01,3.408060293492567571e-03
-5.775158881305700875e-01,1.710062473896070356e+00,4.416617971914964524e-01,-2.140861579384751856e+00,-5.868711418491582288e-01,5.653636352307159435e-04
-5.480035795677330457e-01,1.676804447832882961e+00,3.757334651503342893e-01,-2.038173322890644013e+00,-5.573962947404533796e-01,-2.554861474141735273e-03
-5.137658199563021055e-01,1.645103277573555456e+00,3.049118997364597128e-01,-1.931979680247893905e+00,-5.231987756638605269e-01,-5.962440277611044670e-03
-4.743372326532965810e-01,1.614479537018416844e+00,2.304746107835656532e-01,-1.823107323793905277e+00,-4.838142902305391235e-01,-9.654149650824750753e-03
-4.300041335822905597e-01,1.584509203100375130e+00,1.536282787982570508e-01,-1.712374732835236335e+00,-4.395302928281693000e-01,-1.360394612064072875e-02
